1,97gushan
1,ADSL
3,Abhyudaya Sharma
2,Adam Wolf
2,Adrian Cole
1,Adrien Gallou
2,Adrien Lecharpentier
1,Aitor Alzola
2,Akshay Dayal
1,Alberto Gragera
1,Aleksandar Đuričin
3,Aleksas
2,Aleksas Pielikis
2,Alessandro Menti
73,Alex
1,Alex Bertram
37,Alex Earl
5,Alex Lehmann
7,Alexander Akbashev
4,Alexander Shopov
1,Alexandre Garnier
1,Alexandre Vanhecke
1,Alfonso Cora
12,Allan Burdajewicz
1,Alon Bar-Lev
9,Alvaro Lobato
1,Amaury
2,Anders Hammar
2,Anders Kindberg
1,Andre Miranda
3,Andrea Scarpino
11,Andres Rodriguez
109,Andrew Bayer
3,Andrew Erickson
2,Andrew J. Erickson
6,Andrew Kiellor
3,Andrew Mann
1,Andrew Stone
1,Andrey Klochkov
3,Andrey Myatlyuk
1,Andreyev Dias de Melo
1,Andrius Štikonas
18,André Twupack
1,Anish Dangi
38,Antonio
33,Antonio Muñiz
1,Arcadiy Ivanov
1,Ari Hyttinen
1,Ariel Peltz
1,Arnaud Heritier
54,Arnaud Héritier
4,Artem V. Navrotskiy
1,Aurelie Salles
0,Aviad Reich
254,Baptiste Mathus
1,Baptiste Mille-Mathias
2,Bartosz Kaszubowski
13,Basil Crow
1,Ben Gamari
1,Ben McCann
1,Ben Parees
0,Ben Russell
1,Benjamin Cabé
1,Benjamin Herbert
1,Bernard Leach
1,Bernie Schelberg
1,Bjoern Kasteleiner
1,Boris
1,Brad Trimby
1,Brendan Nolan
10,Brian Atkinson
14,Bruno Kühnen Meneguello
2,Bruno P. Kinoshita
1,Bráulio Bezerra
2,Carbenium
2,Carl Quinn
2,Carlos Sanchez
6,Chris Arnott
5,Christian Wolfgang
1,Christoffer Sawicki
305,Christoph Kutzinski
25,Christopher Orr
30,Christopher Simons
2,Ciprian Ciubotariu
1,Claudiu Guiman
1,Cliff Maury
3,Cliffano Subagio
51,CloudBees DEV@Cloud
15,Craig Rodrigues
2,Curt Moore
2,Cyrille Le Clerc
36,Damian Szczepanik
7,Damien Finck
1,Damien Nozay
1277,Daniel Beck
2,Daniel Khodaparast
16,Daniel Spilker
8,Daniel Trebbien
1,Daniel Weber
1,Darryl Pogue
9,Dave Brosius
1,David Alberto
20,David Hoover
2,David M. Carr
7,David Olorundare
2,David Ruhmann
4,David Rutqvist
1,David Strauss
4,Dean Yu
53,Devin Nusbaum
1,Dillon Amburgey
1,Dirk Pahl
1,Dirk Thomas
1,Dominic Mitchell
1,Dominik Bartholdi
6,Dominique
4,Donny Nadolny
1,Doug Alcouffe
2,Drew Repasky
1,Ed Bartosh
1,Edmund Wong
6,Egor18
1,Eito Katagiri
11,Emilio Escobar
1,Emmanuel Bourg
1,Eric Weikl
2,Eric Yu
2,Erik Lindblad
11,Erik Molekamp
4,Erik Ramfelt
3,Erwan de FERRIERES
2,Esa Laine
1,Eugene Baranov
2,Evaristo Gutiérrez
1,Evgeny Mandrikov
1,FLOCHLAY Sebastien
2,Federico Pellegrin
30,Felix Belzunce Arcos
11,Fernando Boaglio
2,Félix Belzunce Arcos
1,Filipe Roque
1,Flavio Costa
5,Francisco Javier Fernandez Gonzalez
2,Francisco Ruiz
41,Fred G
2,Freddie Vargus
6,Fritz Elfert
1,Frolov Dmitry
34,Félix Queiruga
1,GLundh
1,Gabriel Lavoie
1,Galo Navarro
5,Gavin Mogan
1,George Gastaldi
1,George Shakhnazaryan
2,Gili Tzabari
0,GitHub
8,Giulio D'Ambrosi
1,Glöckle Bastian
1,Greg Albrecht
1,Greg Inozemtsev
3,Greg Temchenko
3,Grogdunn
1,Gunnar Wrobel
1,Gustaf Lundh
1,Hans-Joachim Kliemeck
109,Harald Albers
2,Hayato ITO
1,Hendrik Millner
1,Hervé Boutemy
1,Hiroshi Saito
1,Holger Voormann
2,Hughes, Wilfred (London)
1,Ian Hopkins
1,IanKemp
1,Idan Bidani
6,Ignacio Albors
2,Ilya Zasimov
1,Imran Hayder
1,Inetov
46,Ing. Pavel Janousek
3,Ingo Richter
9,Ivan Fernandez Calvo
0,JCK
1,JTSweet
1,Jakub Štiller
1,James Byers
1,James Martinez
122,James Nord
1,James Page
1,Jan Vansteenkiste
1,Jan Štourač
1,Janick Reynders
1,Jean Blanchard
2,Jean-Baptiste Le Duigou
2,Jean-Philippe Briend
1,Jeff MAURY
77,Jeff Thompson
1,Jenkins admin
1,Jenn Briden
3,Jens Brejner
2,Jens Hausherr
44,Jerome Lacoste
26,Jesse Farinacci
3673,Jesse Glick
1,Jez Halford
4,Jochen Fürbacher
3,Joel Johnson
5,Johannes Ernst
7,John Pederzolli
1,Johnbo
5,Johno Crawford
2,Jonas
1,Jonathan A. Sternberg
1,Jordi Mas
4,Joris de Vries
187,Josh Soref
2,Joshua Keroes
1,Joshua Kolash
2,Julian Schmidt
1,Julien Carsique
2,Julien Coste
1,Julien HENRY
1,Justin Santa Barbara
2,Jyrki Puttonen
2,Jørgen P. Tjernø
1,Jānis
2,KOMATSU Seiji
2,Kai Inkinen
1,Kamil Szymanski
6,Kamran Mackey
1,Kannan Manickam
66,Kanstantsin Shautsou
1,Kazuhiro NISHIYAMA
16,Keith Zantow
2,Kenichi Maehashi
1,Kenneth Garland
14,Kevin Burke
4,Kevin Connor
2,Kevin P. Fleming
3,Kevin Sawicki
1,Kohei Suzuki
5986,Kohsuke Kawaguchi
1,Konstantin Bulanov
1,Kristian Rosenvold
1,Krzysztof Rakowski
3,Ksenia Nenasheva
1,Kyle A. Matheny
3,Kyle Allan
1,Kyle Beal
5,Larry North
6,Larry Shatzer, Jr
1,Lars Hvile
2,Laurence
2,Liam Newman
2,Literallie
1,Logan Gorence
1,Lucien Weller
1,Lukasz Jader
1,Luke Petre
1,Luke Robertson
7,Mads Nielsen
4,Manolo Carrasco
5,Manuel Blechschmidt
74,Manuel Recena
9,Marat Radchenko
3,Marc Guenther
1,Marc Guillemot
14,Marcin Zajączkowski
6,Marco Miller
1,Marcos Bento
1,Marius Gedminas
1,Marius Karnauskas
43,Mark Waite
6,Mark Wynn-Mackenzie
2,Markus Winter
4,Martijn Baay
3,Martin Nowak
2,Martin Schroeder
2,Matt Kraai
3,Matt Legrand
12,Matt Moore
78,Matt Sicker
1,Matthew Barr
2,Matthias Vach
11,Michael Clarke
9,Michael Koch
2,Michael Neale
4,Michael Pailloncy
4,Michael Prankl
1,Michael Prokop
2,Michal Srb
1,Mike Power
2,Mike Robinet
1,Mikel Larreategi
1,Mikhail Kalkov
2,Mikko Peltonen
12,Mirko Friedenhagen
5,Monty Taylor
1,Muhammed Akbulut
5,Mustafa Ulu
3,Mykola Nikishov
2,N Nachiappan
1,NGK Sternhagen
2,Nguyen Le Vu Long
1,Nick Dimiduk
5,Nicolae Pascu
175,Nicolas De Loof
61,Nicolas De loof
11,Nigel Magnay
7,Nikolas Falco
62,OHTAKE Tomohiro
13,Olav Reinert
1249,Oleg Nenashev
3,Oli Dagenais
581,Oliver Gondža
4,Olivier Dagenais
482,Olivier Lamy
1,Olivier Lemasle
3,Olivier Truong
1,Oskars Pakers
1,Otmane TAZI
19,Patrick McKeown
1,Patrik Boström
3,Paul Kilgo
8,Paul Sandoz
2,Paul Weiss
2,Pavel Cvrcek
4,Pedro Rodriguez
22,Pei-Tang Huang
6,Peter Darton
11,Peter Eisentraut
1,Peter Hayes
3,Peter Liljenberg
3,Peter Major
6,Peter Marcoen
1,Peter Russell
1,Pierre-Louis Bonicoli
2,Piotr Wielgolaski
1,Prayag Verma
1,Puru Tuladhar
1,R. Tyler Ballance
30,R. Tyler Croy
1,Radek Antoniuk
1,Radosław Antoniuk
26,Raihaan Shouhell
31,Ramon Leon
6,Raul Arabaolaza
2,ReadmeCritic
1,Reginaldo Russinholi
12,René Moser
19,René Scheibe
35,Richard Mortimer
1,Richie Vos
1,Rob van Oostrum
1,Robert Rabe
34,Robert Sandell
1,Robert Shade
1,Roberto C. Salome
1,Robin Naundorf
1,Ronald Tschalär
1,Rowan Hill
51,Ryan Campbell
1,Ryan Maki
3,Sam Gleske
2,Sam Griff
18,Sam Van Oort
22,Sami Tikka
2,Samuel Moritz
1,Sascha Peilicke
1,Sascha Scholz
1,Sathiya Narayanan
1,Sean Sullivan
1,Sebastian Rahlf
227,Seiji Sogabe
2,Sergiu Dumitriu
3,Shawn McCarthy
1,Simon Andrews
5,Simon Wiest
1,Spike Washburn
34,Stefan Spieker
18,Stefan Wolf
7,Stephan Pauxberger
3,Stephan Reiter
565,Stephen Connolly
1,Stephen Souness
4,Steve Arch
1,Steve Hill
2,Steven Christou
15,Steven Post
12,StevenGBrown
1,Surya Gaddipati
3,Sylvestre Ledru
1,Szymon Biliński
3,Ted
2,Thiago Zanetti
2,Thomas Suckow
3,Thomas Van Doren
7,Thomas de Grenier de Latour
5,Thorsten Scherler
20,Tim Jacomb
5,Tim Lantz
3,Tim Pizey
1,Tollef Fog Heen
24,Tom Fennelly
30,Tom Huybrechts
11,Tomas
6,Tomas Straupis
2,Tomer Cohen
3,Tommy Sparber
2,Toomas Romer
36,Ulli Hafner
51,Valentina Armenise
1,Veres Lajos
1,Victor Ott
3,Viktor Suprun
1,Vincent LATOMBE
119,Vincent Latombe
3,Vivek Pandey
1,Vladimir Kravets
108,Vojtech Juranek
11,Vojtěch Juránek
1,Wade Carpenter
200,Wadeck Follonier
4,Waldyr
1,Wedge Jarrad
1,Werner Beroux
2,Wil Moore III
1,Wilfred Hughes
37,Will
37,Will Ross
1,Wynn Netherland
12,Yoann Dubreuil
1,Yoichi Nakayama
1,Your Name
5,Zbynek Konecny
2,aHenryJard
1,aabeling
104,abayer
1,againjj
1,aitor alzola
1,ajpurkiss
48,alanharder
43,albers
2,alexkoon
41,amuniz
4,anafke
6,andi
3,appr
3,ashlux
3,atcarmo
51,bagrehc
14,bap2000
1,basil3whitehouse
32,beta
1,bhenderson
1,bill007110
1,boev
4,brucechapman
2,bruyeron
1,bshine
6,bwestrich
1,c3johnso
94,cactusman
3,cesarsotovalero
1,chandrodayv
8,charanb1r
1,chris-daw
2,chris.arnott@softwire.com
72,christ66
2,cjo9900
1,cleibersilva
2,contextshuffling
1,david_beutel
1,david_calavera
1,davidmc24
1,davidseymore
3,ddavison
1,digerata
0,dmorittu
1,dnadolny
1,dodok1
3,draco2k8
8,drulli
38,dty
24,dvrzalik
32,dwdyer
84,elefevre
1,ertanden
7,evernat
1,f_cavarretta
2,fbonerandi
1,fred-o
4,frizbog
2,fujibee
8,gcummings
1,gliptak
7,godfath3r
7,godin
66,gusreiber
3,hayderimran7
2,hunkim
106,huybrechts
5,hwellmann
2,ialbors
41,ikedam
3,ikikko
120,imod
1,intelradoux
4,jacob_robertson
2,jasonchaffee
1,javadude
7,jazzjack
25,jbq
6,jesse
3836,jglick
5,jheymans
1,jhm
31,jieryn
6,jjasper
3,joyyc
9,jpederzolli
9,jtnord
1,kalecser
5,kaxelson
2,kbertelson
1,kdanW
1,kkkon
10,km
1,knupouls
13197,kohsuke
1,kphonik
1,kshultzCB
315,kutzi
15,kuuyee
73,kzantow
5,lacostej
1,laenco
7,laurence-h
5,laurents59
1,lecric
1,lgoenner
4,lifeless
3,liketic
3,limin wang
17,liorha
1,lorainsu
1,lqli
3,lshatzer
5,lucamilanesio
1,lucaspanjer
6,lucinka
36,lvotypko
23,manuel_carrasco
16,marco
10,martinficker
4,masanobuimai
1,mathieu-pousse
2,mc1arke
1,mcdonan
3,mcrooney
4,mdillon
11,mdonohue
7,mfriedenhagen
14,mike cirioli
545,mindless
3,mleinart
4,mode
1,mrebasti
1,mspring
1,mstarzyk
2,muhammedeminakbulut
1,n8felton
1,nlabrot
1,nmullaney
46,oguzdag
561,olamy
1,olivergondza
54,olivier lamy
2,olivierlemasle
1,pamdirac
8,petehayes
1,peter-kutak
10,pgweiss
8,phoenix384
0,photoionized
2,puug
2,quinox
3,qxo
5,ramapulavarthi
2,rbair
155,recena
7,redlab
34,redsolo
2,root
35,rsandell
19,rseguy
3,rtyler
2,runzexia
1,russellbarnes
2,samngms
0,sbashkyrtsev
1,segalaj
3,sfarbota
5,sghill
7,shinodkm
37,slide
559,sogabe
12,sorokh
22,ssogabe
98,stephenconnolly
3,stephlag
1,stigkj
1,stochmim
70,suren
39,surenpi
78,swiest
2,szczechp
1,talkdirty
1,tarul
1,tbingaman
2,tblack
46,teilo
1,tequillaz
293,tfennelly
1,thomas@katalisindonesia.com
1,tinexw
1,tjramos
10,unknown
54,valentina
2,vb-linetco
1,vglushenkov
145,vjuranek
2,vlatombe
1,vojtechhabarta
8,vsizikov
2,willemv
4,wjprakash
7,wolfgarnet
11,wolfs
12,wyukawa
1,xGhOsTkiLLeRx
2,xlv
